date,unit_sales,year,month,day,day_of_week,quarter,week_of_year,is_weekend,is_month_start,is_month_end,lag_1,lag_7,lag_14,lag_30,rolling_7d_mean,rolling_14d_mean,rolling_30d_mean,rolling_7d_std,oil_price_interpolated,oil_lag_1,oil_rolling_7d_mean,is_national_holiday,is_regional_holiday,is_local_holiday
2013-02-01,401.0,2013,2,1,4,1,5,0,1,0,282.0,389.0,60.0,582.0,454.57142857142856,497.07142857142856,520.8333333333334,154.05935776279742,97.46,97.65,96.37857142857145,0,0,0
2013-02-02,775.0,2013,2,2,5,1,5,1,0,0,401.0,697.0,667.0,310.0,456.2857142857143,521.4285714285714,514.8,153.2728659240484,97.46,97.46,96.70857142857142,0,0,0
2013-02-03,855.0,2013,2,3,6,1,5,1,0,0,775.0,616.0,1090.0,338.0,467.42857142857144,529.1428571428571,530.3,174.98653009384927,97.46,97.46,97.03857142857143,0,0,0
2013-02-04,411.0,2013,2,4,0,1,6,0,0,0,855.0,318.0,760.0,654.0,501.57142857142856,512.3571428571429,547.5333333333333,224.9813748904984,96.21,97.46,97.36857142857143,0,0,0
2013-02-05,272.0,2013,2,5,1,1,6,0,0,0,411.0,393.0,461.0,979.0,514.8571428571429,487.42857142857144,539.4333333333333,214.85221942180658,96.68,96.21,97.40571428571427,0,0,0
2013-02-06,461.0,2013,2,6,2,1,6,0,0,0,272.0,487.0,413.0,541.0,497.57142857142856,473.92857142857144,515.8666666666667,230.58176940285696,96.44,96.68,97.27142857142857,0,0,0
2013-02-07,397.0,2013,2,7,3,1,6,0,0,0,461.0,282.0,326.0,434.0,493.85714285714283,477.35714285714283,513.2,230.98948646452024,95.84,96.44,97.05142857142857,0,0,0
2013-02-08,226.0,2013,2,8,4,1,6,0,0,0,397.0,401.0,389.0,593.0,510.2857142857143,482.42857142857144,511.96666666666664,217.0811785835843,95.71,95.84,96.79285714285713,0,0,0
2013-02-09,377.0,2013,2,9,5,1,6,1,0,0,226.0,775.0,697.0,700.0,485.2857142857143,470.7857142857143,499.73333333333335,240.5706509432063,95.71,95.71,96.54285714285716,0,0,0
2013-02-10,356.0,2013,2,10,6,1,6,1,0,0,377.0,855.0,616.0,726.0,428.42857142857144,447.92857142857144,488.96666666666664,205.10473515000143,95.71,95.71,96.29285714285713,0,0,0
2013-02-11,407.0,2013,2,11,0,1,7,0,0,0,356.0,411.0,318.0,631.0,357.14285714285717,429.35714285714283,476.6333333333333,81.77087617529837,97.01,95.71,96.04285714285713,1,0,0
2013-02-12,469.0,2013,2,12,1,1,7,0,0,0,407.0,272.0,393.0,679.0,356.57142857142856,435.7142857142857,469.1666666666667,81.34465182759202,97.48,97.01,96.15714285714286,1,0,0
2013-02-13,277.0,2013,2,13,2,1,7,0,0,0,469.0,461.0,487.0,683.0,384.7142857142857,441.14285714285717,462.1666666666667,81.2869696111944,97.03,97.48,96.27142857142857,0,0,0
2013-02-14,280.0,2013,2,14,3,1,7,0,0,0,277.0,397.0,282.0,547.0,358.42857142857144,426.14285714285717,448.6333333333333,82.25135691455493,97.3,97.03,96.35571428571428,0,0,0
2013-02-15,304.0,2013,2,15,4,1,7,0,0,0,280.0,226.0,401.0,265.0,341.7142857142857,426.0,439.73333333333335,84.95040569986233,95.95,97.3,96.56428571428572,0,0,0
2013-02-16,576.0,2013,2,16,5,1,7,1,0,0,304.0,377.0,775.0,4.0,352.85714285714283,419.07142857142856,441.03333333333336,71.25407256531125,95.95,95.95,96.59857142857142,0,0,0
2013-02-17,395.0,2013,2,17,6,1,7,1,0,0,576.0,356.0,855.0,60.0,381.2857142857143,404.85714285714283,460.1,111.06711827496277,95.95,95.95,96.63285714285715,0,0,0
2013-02-18,417.0,2013,2,18,0,1,8,0,0,0,395.0,407.0,411.0,667.0,386.85714285714283,372.0,471.26666666666665,110.56435316355811,96.32,95.95,96.66714285714285,0,0,0
2013-02-19,244.0,2013,2,19,1,1,8,0,0,0,417.0,469.0,272.0,1090.0,388.2857142857143,372.42857142857144,462.93333333333334,110.93198259250835,96.69,96.32,96.56857142857143,0,0,0
2013-02-20,339.0,2013,2,20,2,1,8,0,0,0,244.0,277.0,461.0,760.0,356.14285714285717,370.42857142857144,434.73333333333335,116.12267733081241,94.92,96.69,96.45571428571428,0,0,0
2013-02-21,457.0,2013,2,21,3,1,8,0,0,0,339.0,280.0,397.0,461.0,365.0,361.7142857142857,420.7,111.3463066293615,92.79,94.92,96.15428571428572,0,0,0
2013-02-22,186.0,2013,2,22,4,1,8,0,0,0,457.0,304.0,226.0,413.0,390.2857142857143,366.0,420.56666666666666,108.89706804396181,93.12,92.79,95.50999999999999,0,0,0
2013-02-23,497.0,2013,2,23,5,1,8,1,0,0,186.0,576.0,377.0,326.0,373.42857142857144,363.14285714285717,413.0,131.30734574889118,93.12,93.12,95.10571428571428,0,0,0
2013-02-24,509.0,2013,2,24,6,1,8,1,0,0,497.0,395.0,356.0,389.0,362.14285714285717,371.7142857142857,418.7,113.13182365634046,93.12,93.12,94.70142857142856,0,0,0
2013-02-25,441.0,2013,2,25,0,1,9,0,0,0,509.0,417.0,407.0,697.0,378.42857142857144,382.64285714285717,422.7,126.11087336527406,92.74,93.12,94.29714285714286,0,0,0
2013-02-26,550.0,2013,2,26,1,1,9,0,0,0,441.0,244.0,469.0,616.0,381.85714285714283,385.07142857142856,414.1666666666667,127.65112425595528,92.63,92.74,93.78571428571429,0,0,0
2013-02-27,388.0,2013,2,27,2,1,9,0,0,0,550.0,339.0,277.0,318.0,425.57142857142856,390.85714285714283,411.96666666666664,124.93979502525303,92.84,92.63,93.2057142857143,0,0,0
2013-02-28,316.0,2013,2,28,3,1,9,0,0,1,388.0,457.0,280.0,393.0,432.57142857142856,398.7857142857143,414.3,120.5775782679029,92.03,92.84,92.90857142857143,0,0,0
2013-03-01,305.0,2013,3,1,4,1,9,0,1,0,316.0,186.0,304.0,487.0,412.42857142857144,401.35714285714283,411.73333333333335,127.40075502504773,90.71,92.03,92.8,0,0,0
2013-03-02,627.0,2013,3,2,5,1,9,1,0,0,305.0,497.0,576.0,282.0,429.42857142857144,401.42857142857144,405.6666666666667,96.2927085208718,90.71,90.71,92.4557142857143,0,0,1
2013-03-03,853.0,2013,3,3,6,1,9,1,0,0,627.0,509.0,395.0,401.0,448.0,405.07142857142856,417.1666666666667,120.89113560003707,90.71,90.71,92.11142857142856,0,0,0
2013-03-04,554.0,2013,3,4,0,1,10,0,0,0,853.0,441.0,417.0,775.0,497.14285714285717,437.7857142857143,432.23333333333335,196.25105398564395,90.13,90.71,91.76714285714286,0,0,0
2013-03-05,487.0,2013,3,5,1,1,10,0,0,0,554.0,550.0,244.0,855.0,513.2857142857143,447.57142857142856,424.8666666666667,195.5093469937044,90.88,90.13,91.39428571428572,0,0,0
2013-03-06,458.0,2013,3,6,2,1,10,0,0,0,487.0,388.0,339.0,411.0,504.2857142857143,464.92857142857144,412.6,194.98693484924755,90.47,90.88,91.14428571428572,0,0,0
2013-03-07,566.0,2013,3,7,3,1,10,0,0,0,458.0,316.0,457.0,272.0,514.2857142857143,473.42857142857144,414.1666666666667,189.75397605470982,91.53,90.47,90.80571428571429,0,0,0
2013-03-08,361.0,2013,3,8,4,1,10,0,0,0,566.0,305.0,186.0,461.0,550.0,481.2142857142857,423.96666666666664,168.55661758985713,92.01,91.53,90.73428571428572,0,0,0
2013-03-09,549.0,2013,3,9,5,1,10,1,0,0,361.0,627.0,497.0,397.0,558.0,493.7142857142857,420.6333333333333,155.83966119059681,92.01,92.01,90.91999999999999,0,0,0
2013-03-10,591.0,2013,3,10,6,1,10,1,0,0,549.0,853.0,509.0,226.0,546.8571428571429,497.42857142857144,425.7,152.84352409291947,92.01,92.01,91.10571428571428,0,0,0
2013-03-11,296.0,2013,3,11,0,1,11,0,0,0,591.0,554.0,441.0,377.0,509.42857142857144,503.2857142857143,437.8666666666667,80.19321904595382,92.07,92.01,91.29142857142857,0,0,0
2013-03-12,213.0,2013,3,12,1,1,11,0,0,0,296.0,487.0,550.0,356.0,472.57142857142856,492.92857142857144,435.1666666666667,110.0315971934984,92.44,92.07,91.56857142857143,0,0,0
2013-03-13,620.0,2013,3,13,2,1,11,0,0,0,213.0,458.0,388.0,407.0,433.42857142857144,468.85714285714283,430.4,146.67748877822243,92.47,92.44,91.79142857142857,0,0,0
2013-03-14,388.0,2013,3,14,3,1,11,0,0,0,620.0,566.0,316.0,469.0,456.57142857142856,485.42857142857144,437.5,163.06528052987122,93.03,92.47,92.07714285714285,0,0,0
2013-03-15,240.0,2013,3,15,4,1,11,0,0,0,388.0,361.0,305.0,277.0,431.14285714285717,490.57142857142856,434.8,156.9197550463592,93.49,93.03,92.29142857142857,0,0,0
2013-03-16,779.0,2013,3,16,5,1,11,1,0,0,240.0,549.0,627.0,280.0,413.85714285714283,485.92857142857144,433.56666666666666,171.8850668047577,93.49,93.49,92.50285714285714,0,0,0
2013-03-17,695.0,2013,3,17,6,1,11,1,0,0,779.0,591.0,853.0,304.0,446.7142857142857,496.7857142857143,450.2,217.85906322338602,93.49,93.49,92.71428571428571,0,0,0
2013-03-18,465.0,2013,3,18,0,1,12,0,0,0,695.0,296.0,554.0,576.0,461.57142857142856,485.5,463.23333333333335,232.39969674597026,93.71,93.49,92.92571428571429,0,0,0
2013-03-19,418.0,2013,3,19,1,1,12,0,0,0,465.0,213.0,487.0,395.0,485.7142857142857,479.14285714285717,459.53333333333336,220.8224885028048,92.44,93.71,93.15999999999998,0,0,0
2013-03-20,522.0,2013,3,20,2,1,12,0,0,0,418.0,620.0,458.0,417.0,515.0,474.2142857142857,460.3,190.08068462278493,93.21,92.44,93.16,0,0,0
2013-03-21,241.0,2013,3,21,3,1,12,0,0,0,522.0,388.0,566.0,244.0,501.0,478.7857142857143,463.8,184.5878291401321,92.46,93.21,93.26571428571428,0,0,0
2013-03-22,353.0,2013,3,22,4,1,12,0,0,0,241.0,240.0,361.0,339.0,480.0,455.57142857142856,463.7,206.63171747499604,93.41,92.46,93.1842857142857,0,0,0
2013-03-23,544.0,2013,3,23,5,1,12,1,0,0,353.0,779.0,549.0,457.0,496.14285714285717,455.0,464.1666666666667,188.36350369381395,93.41,93.41,93.17285714285715,0,0,0
2013-03-24,529.0,2013,3,24,6,1,12,1,0,0,544.0,695.0,591.0,186.0,462.57142857142856,454.64285714285717,467.06666666666666,145.64666965280142,93.41,93.41,93.16142857142857,0,0,0
2013-03-25,413.0,2013,3,25,0,1,13,0,0,0,529.0,465.0,296.0,497.0,438.85714285714283,450.2142857142857,478.5,110.8533995440647,94.55,93.41,93.14999999999999,0,0,0
2013-03-26,300.0,2013,3,26,1,1,13,0,0,0,413.0,418.0,213.0,509.0,431.42857142857144,458.57142857142856,475.7,110.55143168507088,95.99,94.55,93.26999999999998,0,0,0
2013-03-27,353.0,2013,3,27,2,1,13,0,0,0,300.0,522.0,620.0,441.0,414.57142857142856,464.7857142857143,468.73333333333335,121.40408716741048,96.53,95.99,93.77714285714285,0,0,0
2013-03-28,594.0,2013,3,28,3,1,13,0,0,0,353.0,241.0,388.0,550.0,390.42857142857144,445.7142857142857,465.8,112.99241441037314,97.24,96.53,94.25142857142858,0,0,0
2013-03-29,575.0,2013,3,29,4,1,13,0,0,0,594.0,353.0,240.0,388.0,440.85714285714283,460.42857142857144,467.26666666666665,113.95529616393168,97.17,97.24,94.9342857142857,0,0,0
2013-03-30,577.0,2013,3,30,5,1,13,1,0,0,575.0,544.0,779.0,316.0,472.57142857142856,484.35714285714283,473.5,116.29682876567306,97.17,97.17,95.47142857142856,0,0,0
2013-03-31,643.0,2013,3,31,6,1,13,1,0,1,577.0,529.0,695.0,305.0,477.2857142857143,469.92857142857144,482.2,120.27567540961056,97.17,97.17,96.00857142857141,0,0,0
2013-04-01,431.0,2013,4,1,0,2,14,0,1,0,643.0,413.0,465.0,627.0,493.57142857142856,466.2142857142857,493.46666666666664,135.23295597210137,97.1,97.17,96.54571428571428,0,1,0
2013-04-02,527.0,2013,4,2,1,2,14,0,0,0,431.0,300.0,418.0,853.0,496.14285714285717,463.7857142857143,486.93333333333334,133.60692169124118,97.23,97.1,96.91,0,0,0
2013-04-03,463.0,2013,4,3,2,2,14,0,0,0,527.0,353.0,522.0,554.0,528.5714285714286,471.57142857142856,476.06666666666666,101.83623641719593,95.02,97.23,97.08714285714287,0,0,0
2013-04-04,305.0,2013,4,4,3,2,14,0,0,0,463.0,594.0,241.0,487.0,544.2857142857143,467.35714285714283,473.03333333333336,75.24341451962046,93.26,95.02,96.87142857142855,0,0,0
2013-04-05,415.0,2013,4,5,4,2,14,0,0,0,305.0,575.0,353.0,458.0,503.0,471.92857142857144,466.96666666666664,113.15476127852483,92.76,93.26,96.30285714285715,0,0,0
2013-04-06,972.0,2013,4,6,5,2,14,1,0,0,415.0,577.0,544.0,566.0,480.14285714285717,476.35714285714283,465.53333333333336,112.34385989960809,92.76,92.76,95.67285714285715,0,0,0
2013-04-07,936.0,2013,4,7,6,2,14,1,0,0,972.0,643.0,529.0,361.0,536.5714285714286,506.92857142857144,479.06666666666666,218.31922891556232,92.76,92.76,95.04285714285716,0,0,0
2013-04-08,369.0,2013,4,8,0,2,15,0,0,0,936.0,431.0,413.0,549.0,578.4285714285714,536.0,498.23333333333335,265.1828659264252,93.36,92.76,94.41285714285716,0,0,0
2013-04-09,458.0,2013,4,9,1,2,15,0,0,0,369.0,527.0,300.0,591.0,569.5714285714286,532.8571428571429,492.23333333333335,271.8785618266957,94.18,93.36,93.87857142857145,0,0,0
2013-04-10,386.0,2013,4,10,2,2,15,0,0,0,458.0,463.0,353.0,296.0,559.7142857142857,544.1428571428571,487.8,274.91314645763686,94.59,94.18,93.44285714285715,0,0,0
2013-04-11,235.0,2013,4,11,3,2,15,0,0,0,386.0,305.0,594.0,213.0,548.7142857142857,546.5,490.8,280.90313531281816,93.44,94.59,93.38142857142859,0,0,0
2013-04-12,358.0,2013,4,12,4,2,15,0,0,0,235.0,415.0,575.0,620.0,538.7142857142857,520.8571428571429,491.53333333333336,292.0500609403088,91.23,93.44,93.40714285714286,0,0,1
2013-04-13,789.0,2013,4,13,5,2,15,1,0,0,358.0,972.0,577.0,388.0,530.5714285714286,505.35714285714283,482.8,296.82983741691527,91.23,91.23,93.18857142857142,0,0,0
2013-04-14,506.0,2013,4,14,6,2,15,1,0,0,789.0,936.0,643.0,240.0,504.42857142857144,520.5,496.1666666666667,256.83643117936424,91.23,91.23,92.97,0,0,1
2013-04-15,413.0,2013,4,15,0,2,16,0,0,0,506.0,369.0,431.0,779.0,443.0,510.7142857142857,505.03333333333336,174.7016504405911,88.75,91.23,92.75142857142858,0,0,0
2013-04-16,372.0,2013,4,16,1,2,16,0,0,0,413.0,458.0,527.0,695.0,449.2857142857143,509.42857142857144,492.8333333333333,172.37141515316452,88.73,88.75,92.09285714285714,0,0,0
2013-04-17,400.0,2013,4,17,2,2,16,0,0,0,372.0,386.0,463.0,465.0,437.0,498.35714285714283,482.06666666666666,174.69592630243693,86.65,88.73,91.31428571428572,0,0,0
2013-04-18,283.0,2013,4,18,3,2,16,0,0,0,400.0,235.0,305.0,418.0,439.0,493.85714285714283,479.9,174.09384442497236,87.83,86.65,90.17999999999999,0,0,0
2013-04-19,376.0,2013,4,19,4,2,16,0,0,0,283.0,358.0,415.0,522.0,445.85714285714283,492.2857142857143,475.4,165.45032343216906,88.04,87.83,89.37857142857145,0,0,0
2013-04-20,647.0,2013,4,20,5,2,16,1,0,0,376.0,789.0,972.0,241.0,448.42857142857144,489.5,470.53333333333336,163.99070821528946,88.04,88.04,88.92285714285715,0,0,0
2013-04-21,683.0,2013,4,21,6,2,16,1,0,0,647.0,506.0,936.0,353.0,428.14285714285717,466.2857142857143,484.06666666666666,116.8466638682622,88.04,88.04,88.46714285714286,0,0,1
2013-04-22,408.0,2013,4,22,0,2,17,0,0,0,683.0,413.0,369.0,544.0,453.42857142857144,448.2142857142857,495.06666666666666,150.7391313305392,88.81,88.04,88.01142857142858,0,0,0
2013-04-23,400.0,2013,4,23,1,2,17,0,0,0,408.0,372.0,458.0,529.0,452.7142857142857,451.0,490.53333333333336,150.97429614089256,89.21,88.81,88.02,0,0,0
2013-04-24,493.0,2013,4,24,2,2,17,0,0,0,400.0,400.0,386.0,413.0,456.7142857142857,446.85714285714283,486.23333333333335,148.8351596965737,91.07,89.21,88.08857142857143,0,0,0
2013-04-25,219.0,2013,4,25,3,2,17,0,0,0,493.0,283.0,235.0,300.0,470.0,454.5,488.9,147.0691447358459,93.27,91.07,88.72,0,0,0
2013-04-26,491.0,2013,4,26,4,2,17,0,0,0,219.0,376.0,358.0,353.0,460.85714285714283,453.35714285714283,486.2,161.87590779300473,92.63,93.27,89.49714285714286,0,0,0
2013-04-27,755.0,2013,4,27,5,2,17,1,0,0,491.0,647.0,789.0,594.0,477.2857142857143,462.85714285714283,490.8,157.6078617811877,92.63,92.63,90.15285714285714,0,0,0
2013-04-28,719.0,2013,4,28,6,2,17,1,0,0,755.0,683.0,506.0,575.0,492.7142857142857,460.42857142857144,496.1666666666667,180.59966250034353,92.63,92.63,90.80857142857143,0,0,0
2013-04-29,411.0,2013,4,29,0,2,18,0,0,0,719.0,408.0,413.0,577.0,497.85714285714283,475.64285714285717,500.96666666666664,187.3093951829684,94.09,92.63,91.46428571428571,1,0,0
2013-04-30,369.0,2013,4,30,1,2,18,0,0,1,411.0,400.0,372.0,643.0,498.2857142857143,475.5,495.43333333333334,187.0728149551345,93.22,94.09,92.21857142857142,0,0,0
2013-05-01,705.0,2013,5,1,2,2,18,0,1,0,369.0,493.0,400.0,431.0,493.85714285714283,475.2857142857143,486.3,190.12927932631197,90.74,93.22,92.79142857142857,1,0,0
2013-05-02,327.0,2013,5,2,3,2,18,0,0,0,705.0,219.0,283.0,527.0,524.1428571428571,497.07142857142856,495.43333333333334,206.17745477414064,93.7,90.74,92.74428571428572,0,0,0
2013-05-03,350.0,2013,5,3,4,2,18,0,0,0,327.0,491.0,376.0,463.0,539.5714285714286,500.2142857142857,488.76666666666665,182.18201259807643,95.25,93.7,92.80571428571429,0,0,0
2013-05-04,774.0,2013,5,4,5,2,18,1,0,0,350.0,755.0,647.0,305.0,519.4285714285714,498.35714285714283,485.0,195.73779837907048,95.25,95.25,93.17999999999999,0,0,0
2013-05-05,715.0,2013,5,5,6,2,18,1,0,0,774.0,719.0,683.0,415.0,522.1428571428571,507.42857142857144,500.6333333333333,199.64170286743567,95.25,95.25,93.55428571428571,0,0,0
2013-05-06,416.0,2013,5,6,0,2,19,0,0,0,715.0,411.0,408.0,972.0,521.5714285714286,509.7142857142857,510.6333333333333,198.98899227751014,95.8,95.25,93.92857142857143,0,0,0
2013-05-07,351.0,2013,5,7,1,2,19,0,0,0,416.0,369.0,400.0,936.0,522.2857142857143,510.2857142857143,492.1,198.53439188690888,95.28,95.8,94.17285714285715,0,0,0
2013-05-08,418.0,2013,5,8,2,2,19,0,0,0,351.0,705.0,493.0,369.0,519.7142857142857,506.7857142857143,472.6,200.9524937936942,96.24,95.28,94.46714285714286,0,0,0
2013-05-09,323.0,2013,5,9,3,2,19,0,0,0,418.0,327.0,219.0,458.0,478.7142857142857,501.42857142857144,474.23333333333335,185.5350050401217,96.09,96.24,95.25285714285714,0,0,0
2013-05-10,318.0,2013,5,10,4,2,19,0,0,0,323.0,350.0,491.0,386.0,478.14285714285717,508.85714285714283,469.73333333333335,186.0854898260727,95.81,96.09,95.5942857142857,0,0,0
2013-05-11,666.0,2013,5,11,5,2,19,1,0,0,318.0,774.0,755.0,235.0,473.57142857142856,496.5,467.46666666666664,190.10773887707006,95.81,95.81,95.6742857142857,1,0,0
2013-05-12,548.0,2013,5,12,6,2,19,1,0,0,666.0,715.0,719.0,358.0,458.14285714285717,490.14285714285717,481.8333333333333,164.29184253580385,95.81,95.81,95.75428571428571,1,0,1
2013-05-13,331.0,2013,5,13,0,2,20,0,0,0,548.0,416.0,411.0,789.0,434.2857142857143,477.92857142857144,488.1666666666667,129.141671928821,94.76,95.81,95.8342857142857,0,0,0
2013-05-14,409.0,2013,5,14,1,2,20,0,0,0,331.0,351.0,369.0,506.0,422.14285714285717,472.2142857142857,472.9,135.01040524274163,93.96,94.76,95.68571428571428,0,0,0
2013-05-15,471.0,2013,5,15,2,2,20,0,0,0,409.0,418.0,705.0,413.0,430.42857142857144,475.07142857142856,469.6666666666667,131.65467094240213,93.95,93.96,95.49714285714286,0,0,0
2013-05-16,252.0,2013,5,16,3,2,20,0,0,0,471.0,323.0,327.0,372.0,438.0,458.35714285714283,471.6,132.34298873255992,94.85,93.95,95.17,0,0,0
2013-05-17,423.0,2013,5,17,4,2,20,0,0,0,252.0,318.0,350.0,400.0,427.85714285714283,453.0,467.6,144.76351816143455,95.72,94.85,94.99285714285715,0,0,0
2013-05-18,600.0,2013,5,18,5,2,20,1,0,0,423.0,666.0,774.0,283.0,442.85714285714283,458.2142857142857,468.3666666666667,136.69848642350073,95.72,95.72,94.98,0,0,0
2013-05-19,758.0,2013,5,19,6,2,20,1,0,0,600.0,548.0,715.0,376.0,433.42857142857144,445.7857142857143,478.93333333333334,119.99841268791374,95.72,95.72,94.96714285714286,0,0,0
2013-05-20,399.0,2013,5,20,0,2,21,0,0,0,758.0,331.0,416.0,647.0,463.42857142857144,448.85714285714283,491.6666666666667,169.46863735694254,96.29,95.72,94.95428571428572,0,0,0
2013-05-21,444.0,2013,5,21,1,2,21,0,0,0,399.0,409.0,351.0,683.0,473.14285714285717,447.64285714285717,483.4,162.4145196417982,95.55,96.29,95.17285714285715,0,0,0
2013-05-22,455.0,2013,5,22,2,2,21,0,0,0,444.0,471.0,418.0,408.0,478.14285714285717,454.2857142857143,475.43333333333334,160.63979225939858,93.98,95.55,95.39999999999999,0,0,0
2013-05-23,372.0,2013,5,23,3,2,21,0,0,0,455.0,252.0,323.0,400.0,475.85714285714283,456.92857142857144,477.0,160.87202840708323,94.12,93.98,95.4042857142857,0,0,0
2013-05-24,532.0,2013,5,24,4,2,21,0,0,0,372.0,423.0,318.0,493.0,493.0,460.42857142857144,476.06666666666666,137.77759856619133,93.84,94.12,95.3,1,0,0
2013-05-25,392.0,2013,5,25,5,2,21,1,0,0,532.0,600.0,666.0,219.0,508.57142857142856,475.7142857142857,477.3666666666667,134.67226532444968,93.84,93.84,95.03142857142858,0,0,0
2013-05-26,532.0,2013,5,26,6,2,21,1,0,0,392.0,758.0,548.0,491.0,478.85714285714283,456.14285714285717,483.1333333333333,134.08259714497902,93.84,93.84,94.76285714285714,0,0,0
2013-05-27,291.0,2013,5,27,0,2,22,0,0,0,532.0,399.0,331.0,755.0,446.57142857142856,455.0,484.5,65.16097283614025,94.245,93.84,94.49428571428572,0,0,0
2013-05-28,293.0,2013,5,28,1,2,22,0,0,0,291.0,444.0,409.0,719.0,431.14285714285717,452.14285714285717,469.03333333333336,87.32015531255844,94.65,94.245,94.20214285714287,0,0,0
2013-05-29,420.0,2013,5,29,2,2,22,0,0,0,293.0,455.0,471.0,411.0,409.57142857142856,443.85714285714283,454.8333333333333,101.1679414683928,93.13,94.65,94.07357142857143,0,0,0
2013-05-30,271.0,2013,5,30,3,2,22,0,0,0,420.0,372.0,252.0,369.0,404.57142857142856,440.2142857142857,455.1333333333333,99.397949581227,93.57,93.13,93.95214285714287,0,0,0
2013-05-31,488.0,2013,5,31,4,2,22,0,0,1,271.0,532.0,423.0,705.0,390.14285714285717,441.57142857142856,451.8666666666667,111.50699316100881,91.93,93.57,93.87357142857142,0,0,0
2013-06-01,777.0,2013,6,1,5,2,22,1,1,0,488.0,392.0,600.0,327.0,383.85714285714283,446.2142857142857,444.6333333333333,103.10096761820063,91.93,91.93,93.60071428571429,0,0,0
2013-06-02,656.0,2013,6,2,6,2,22,1,0,0,777.0,532.0,758.0,350.0,438.85714285714283,458.85714285714283,459.6333333333333,181.24516413910013,91.93,91.93,93.32785714285714,0,0,0
2013-06-03,462.0,2013,6,3,0,2,23,0,0,0,656.0,291.0,399.0,774.0,456.57142857142856,451.57142857142856,469.8333333333333,197.22141292031543,93.41,91.93,93.05499999999999,0,0,0
2013-06-04,370.0,2013,6,4,1,2,23,0,0,0,462.0,293.0,444.0,715.0,481.0,456.07142857142856,459.43333333333334,183.4011995598717,93.36,93.41,92.93571428571428,0,0,0
2013-06-05,459.0,2013,6,5,2,2,23,0,0,0,370.0,420.0,455.0,416.0,492.0,450.7857142857143,447.93333333333334,172.21401414131944,93.66,93.36,92.75142857142858,0,0,0
2013-06-06,280.0,2013,6,6,3,2,23,0,0,0,459.0,271.0,372.0,351.0,497.57142857142856,451.07142857142856,449.3666666666667,170.11452724841666,94.71,93.66,92.82714285714285,0,0,0
2013-06-07,466.0,2013,6,7,4,2,23,0,0,0,280.0,488.0,532.0,418.0,498.85714285714283,444.5,447.0,168.13925634369102,96.11,94.71,92.99000000000001,0,0,0
2013-06-08,904.0,2013,6,8,5,2,23,1,0,0,466.0,777.0,392.0,323.0,495.7142857142857,439.7857142857143,448.6,168.58105299401632,96.11,96.11,93.58714285714287,0,0,0
2013-06-09,794.0,2013,6,9,6,2,23,1,0,0,904.0,656.0,532.0,318.0,513.8571428571429,476.35714285714283,467.96666666666664,206.47391164618384,96.11,96.11,94.18428571428572,0,0,0
2013-06-10,511.0,2013,6,10,0,2,24,0,0,0,794.0,462.0,291.0,666.0,533.5714285714286,495.07142857142856,483.8333333333333,227.79512516210488,95.82,96.11,94.78142857142858,0,0,0
2013-06-11,305.0,2013,6,11,1,2,24,0,0,0,511.0,370.0,293.0,548.0,540.5714285714286,510.7857142857143,478.6666666666667,225.97481949902965,95.5,95.82,95.12571428571428,0,0,0
2013-06-12,475.0,2013,6,12,2,2,24,0,0,0,305.0,459.0,420.0,331.0,531.2857142857143,511.64285714285717,470.56666666666666,235.29535643931592,95.98,95.5,95.43142857142857,0,0,0
2013-06-13,406.0,2013,6,13,3,2,24,0,0,0,475.0,280.0,271.0,409.0,533.5714285714286,515.5714285714286,475.3666666666667,234.55266440812895,96.66,95.98,95.76285714285714,0,0,0
2013-06-14,470.0,2013,6,14,4,2,24,0,0,0,406.0,466.0,488.0,471.0,551.5714285714286,525.2142857142857,475.26666666666665,215.9466424396369,97.83,96.66,96.04142857142857,0,0,0
2013-06-15,747.0,2013,6,15,5,2,24,1,0,0,470.0,904.0,777.0,252.0,552.1428571428571,523.9285714285714,475.23333333333335,215.68760478326718,97.83,97.83,96.28714285714285,0,0,0
2013-06-16,481.0,2013,6,16,6,2,24,1,0,0,747.0,794.0,656.0,423.0,529.7142857142857,521.7857142857143,491.73333333333335,177.8442336106836,97.83,97.83,96.53285714285713,0,0,0
2013-06-17,424.0,2013,6,17,0,2,25,0,0,0,481.0,511.0,462.0,600.0,485.0,509.2857142857143,493.6666666666667,134.35152895792902,97.86,97.83,96.77857142857142,0,0,0
2013-06-18,560.0,2013,6,18,1,2,25,0,0,0,424.0,305.0,370.0,758.0,472.57142857142856,506.57142857142856,487.8,135.56407727572574,98.46,97.86,97.07000000000001,0,0,0
2013-06-19,361.0,2013,6,19,2,2,25,0,0,0,560.0,475.0,459.0,399.0,509.0,520.1428571428571,481.2,115.85910984179569,98.24,98.46,97.49285714285715,0,0,0
2013-06-20,335.0,2013,6,20,3,2,25,0,0,0,361.0,406.0,280.0,444.0,492.7142857142857,513.1428571428571,479.93333333333334,128.73191042591066,94.89,98.24,97.81571428571428,0,0,0
2013-06-21,473.0,2013,6,21,4,2,25,0,0,0,335.0,470.0,466.0,455.0,482.57142857142856,517.0714285714286,476.3,139.0837363399676,93.81,94.89,97.56285714285715,0,0,0
2013-06-22,502.0,2013,6,22,5,2,25,1,0,0,473.0,747.0,904.0,372.0,483.0,517.5714285714286,476.9,139.04315876734069,93.81,93.81,96.98857142857142,0,0,0
2013-06-23,770.0,2013,6,23,6,2,25,1,0,0,502.0,481.0,794.0,532.0,448.0,488.85714285714283,481.23333333333335,79.67433714816747,93.81,93.81,96.41428571428573,0,0,1
2013-06-24,484.0,2013,6,24,0,2,26,0,0,0,770.0,424.0,511.0,392.0,489.2857142857143,487.14285714285717,489.1666666666667,146.4874446106947,95.07,93.81,95.84,0,0,0
2013-06-25,345.0,2013,6,25,1,2,26,0,0,0,484.0,560.0,305.0,532.0,497.85714285714283,485.2142857142857,492.23333333333335,143.76071388645366,95.25,95.07,95.44142857142856,0,1,1
2013-06-25,345.0,2013,6,25,1,2,26,0,0,0,484.0,560.0,305.0,532.0,497.85714285714283,485.2142857142857,492.23333333333335,143.76071388645366,95.25,95.07,95.44142857142856,0,1,1
2013-06-26,555.0,2013,6,26,2,2,26,0,0,0,345.0,361.0,475.0,291.0,467.14285714285717,488.07142857142856,486.0,151.05344371163056,95.47,95.25,94.98285714285713,0,0,0
2013-06-27,352.0,2013,6,27,3,2,26,0,0,0,555.0,335.0,406.0,293.0,494.85714285714283,493.7857142857143,494.8,146.04728523258981,97.0,95.47,94.58714285714287,0,0,0
2013-06-28,374.0,2013,6,28,4,2,26,0,0,0,352.0,473.0,470.0,420.0,497.2857142857143,489.92857142857144,496.76666666666665,143.05676528999956,96.36,97.0,94.88857142857144,0,0,0
2013-06-29,489.0,2013,6,29,5,2,26,1,0,0,374.0,502.0,747.0,271.0,483.14285714285717,483.07142857142856,495.23333333333335,150.5550049776142,96.36,96.36,95.25285714285714,0,0,0
2013-06-30,669.0,2013,6,30,6,2,26,1,0,1,489.0,770.0,481.0,488.0,481.2857142857143,464.64285714285717,502.5,150.36368609221444,96.36,96.36,95.61714285714287,0,0,0
2013-07-01,422.0,2013,7,1,0,3,27,0,1,0,669.0,484.0,424.0,777.0,466.85714285714283,478.07142857142856,508.53333333333336,119.77677650728492,97.94,96.36,95.98142857142857,0,0,0
2013-07-02,421.0,2013,7,2,1,3,27,0,0,0,422.0,345.0,560.0,656.0,458.0,477.92857142857144,496.7,120.58745097784103,99.65,97.94,96.39142857142856,0,0,0
2013-07-03,510.0,2013,7,3,2,3,27,0,0,0,421.0,555.0,361.0,462.0,468.85714285714283,468.0,488.8666666666667,111.82043428555185,101.92,99.65,97.02000000000001,0,0,1
2013-07-03,510.0,2013,7,3,2,3,27,0,0,0,421.0,555.0,361.0,462.0,468.85714285714283,468.0,488.8666666666667,111.82043428555185,101.92,99.65,97.02000000000001,0,0,1
2013-07-04,463.0,2013,7,4,3,3,27,0,0,0,510.0,352.0,335.0,370.0,462.42857142857144,478.64285714285717,490.46666666666664,107.24249335479041,102.505,101.92,97.94142857142857,0,0,0
2013-07-05,439.0,2013,7,5,4,3,27,0,0,0,463.0,374.0,473.0,459.0,478.2857142857143,487.7857142857143,493.56666666666666,95.78746314230271,103.09,102.505,98.72785714285715,0,0,0
2013-07-06,590.0,2013,7,6,5,3,27,1,0,0,439.0,489.0,502.0,280.0,487.57142857142856,485.35714285714283,492.9,86.71381501401972,103.09,103.09,99.68928571428572,0,0,0
2013-07-07,665.0,2013,7,7,6,3,27,1,0,0,590.0,669.0,770.0,466.0,502.0,491.64285714285717,503.23333333333335,94.99824559783514,103.09,103.09,100.6507142857143,0,0,0
2013-07-08,265.0,2013,7,8,0,3,28,0,0,0,665.0,422.0,484.0,904.0,501.42857142857144,484.14285714285717,509.8666666666667,93.83115534983915,103.03,103.09,101.61214285714286,0,0,0
2013-07-09,393.0,2013,7,9,1,3,28,0,0,0,265.0,421.0,345.0,794.0,479.0,468.5,488.56666666666666,128.3835399626184,103.46,103.03,102.33928571428571,0,0,0
2013-07-10,550.0,2013,7,10,2,3,28,0,0,0,393.0,510.0,555.0,511.0,475.0,471.92857142857144,475.2,130.90327217707954,106.41,103.46,102.88357142857141,0,0,0
2013-07-11,262.0,2013,7,11,3,3,28,0,0,0,550.0,463.0,352.0,305.0,480.7142857142857,471.57142857142856,476.5,133.532410904262,104.77,106.41,103.52499999999999,0,0,0
2013-07-12,397.0,2013,7,12,4,3,28,0,0,0,262.0,439.0,374.0,475.0,452.0,465.14285714285717,475.06666666666666,157.4462871373384,105.85,104.77,103.84857142857143,0,0,0
2013-07-13,466.0,2013,7,13,5,3,28,1,0,0,397.0,590.0,489.0,406.0,446.0,466.7857142857143,472.46666666666664,158.81855475143072,105.85,105.85,104.24285714285713,0,0,0
2013-07-14,449.0,2013,7,14,6,3,28,1,0,0,466.0,665.0,669.0,470.0,428.2857142857143,465.14285714285717,474.46666666666664,146.51929825761727,105.85,105.85,104.63714285714285,0,0,0
2013-07-15,484.0,2013,7,15,0,3,29,0,0,0,449.0,265.0,422.0,747.0,397.42857142857144,449.42857142857144,473.76666666666665,105.30726018475106,106.2,105.85,105.03142857142858,0,0,0
2013-07-16,443.0,2013,7,16,1,3,29,0,0,0,484.0,393.0,421.0,481.0,428.7142857142857,453.85714285714283,465.0,90.96100682108022,105.88,106.2,105.48428571428572,0,0,0
2013-07-17,469.0,2013,7,17,2,3,29,0,0,0,443.0,550.0,510.0,424.0,435.85714285714283,455.42857142857144,463.73333333333335,89.64267691122,106.39,105.88,105.83,0,0,0
2013-07-18,292.0,2013,7,18,3,3,29,0,0,0,469.0,262.0,463.0,560.0,424.2857142857143,452.5,465.23333333333335,76.75440114571889,107.94,106.39,105.82714285714285,0,0,0
2013-07-19,278.0,2013,7,19,4,3,29,0,0,0,292.0,397.0,439.0,361.0,428.57142857142856,440.2857142857143,456.3,66.30951953492215,108.0,107.94,106.28,0,0,0
2013-07-20,605.0,2013,7,20,5,3,29,1,0,0,278.0,466.0,590.0,335.0,411.57142857142856,428.7857142857143,453.53333333333336,87.5915847229946,108.0,108.0,106.58714285714287,0,0,0
2013-07-21,817.0,2013,7,21,6,3,29,1,0,0,605.0,449.0,665.0,473.0,431.42857142857144,429.85714285714283,462.53333333333336,113.8168955572307,108.0,108.0,106.89428571428572,0,0,0
2013-07-22,295.0,2013,7,22,0,3,30,0,0,0,817.0,484.0,265.0,502.0,484.0,440.7142857142857,474.0,185.62327440275342,106.61,108.0,107.20142857142856,0,0,0
2013-07-23,470.0,2013,7,23,1,3,30,0,0,0,295.0,443.0,393.0,770.0,457.0,442.85714285714283,467.1,198.8944443668547,107.13,106.61,107.26,0,0,1
2013-07-24,431.0,2013,7,24,2,3,30,0,0,0,470.0,469.0,550.0,484.0,460.85714285714283,448.35714285714283,457.1,198.83949018528168,105.41,107.13,107.43857142857144,0,0,1
2013-07-25,282.0,2013,7,25,3,3,30,0,0,0,431.0,292.0,262.0,345.0,455.42857142857144,439.85714285714283,455.3333333333333,199.09868335648426,105.47,105.41,107.29857142857144,0,0,1
2013-07-26,596.0,2013,7,26,4,3,30,0,0,0,282.0,278.0,397.0,555.0,454.0,441.2857142857143,453.23333333333335,200.49771403518096,104.76,105.47,106.94571428571429,0,0,0
2013-07-27,548.0,2013,7,27,5,3,30,1,0,0,596.0,605.0,466.0,352.0,499.42857142857144,455.5,454.6,189.70930142620566,104.76,104.76,106.48285714285714,0,0,0
2013-07-28,700.0,2013,7,28,6,3,30,1,0,0,548.0,817.0,449.0,374.0,491.2857142857143,461.35714285714283,461.1333333333333,185.60146756398416,104.76,104.76,106.02,0,0,0
2013-07-29,414.0,2013,7,29,0,3,31,0,0,0,700.0,295.0,484.0,489.0,474.57142857142856,479.2857142857143,472.0,153.9500537434753,104.61,104.76,105.55714285714285,0,0,0
2013-07-30,353.0,2013,7,30,1,3,31,0,0,0,414.0,470.0,443.0,669.0,491.57142857142856,474.2857142857143,469.5,136.38408648965958,103.14,104.61,105.27142857142857,0,0,0
2013-07-31,570.0,2013,7,31,2,3,31,0,0,1,353.0,431.0,469.0,422.0,474.85714285714283,467.85714285714283,458.96666666666664,146.27876192556485,105.1,103.14,104.70142857142856,0,0,0
2013-08-01,462.0,2013,8,1,3,3,31,0,1,0,570.0,282.0,292.0,421.0,494.7142857142857,475.07142857142856,463.9,148.7466686301624,107.93,105.1,104.65714285714286,0,0,0
2013-08-02,464.0,2013,8,2,4,3,31,0,0,0,462.0,596.0,278.0,510.0,520.4285714285714,487.2142857142857,465.26666666666665,118.28476535161087,106.94,107.93,105.00857142857141,0,0,0
2013-08-03,657.0,2013,8,3,5,3,31,1,0,0,464.0,548.0,605.0,463.0,501.57142857142856,500.5,463.73333333333335,114.69649390581048,106.94,106.94,105.32000000000001,0,0,0
2013-08-04,681.0,2013,8,4,6,3,31,1,0,0,657.0,700.0,817.0,439.0,517.1428571428571,504.2142857142857,470.2,128.60589485119303,106.94,106.94,105.63142857142859,0,0,0
2013-08-05,461.0,2013,8,5,0,3,32,0,0,0,681.0,414.0,295.0,590.0,514.4285714285714,494.5,478.26666666666665,124.22943443867199,106.61,106.94,105.94285714285715,0,0,1
2013-08-06,328.0,2013,8,6,1,3,32,0,0,0,461.0,353.0,470.0,665.0,521.1428571428571,506.35714285714283,473.96666666666664,119.05940894000267,105.32,106.61,106.22857142857143,0,0,0
2013-08-07,403.0,2013,8,7,2,3,32,0,0,0,328.0,570.0,431.0,265.0,517.5714285714286,496.2142857142857,462.73333333333335,125.16237073345557,104.41,105.32,106.53999999999999,0,0,0
2013-08-08,360.0,2013,8,8,3,3,32,0,0,0,403.0,462.0,282.0,393.0,493.7142857142857,494.2142857142857,467.3333333333333,129.34928718488558,103.45,104.41,106.44142857142857,0,0,0
2013-08-09,347.0,2013,8,9,4,3,32,0,0,0,360.0,464.0,596.0,550.0,479.14285714285717,499.7857142857143,466.23333333333335,138.9093572219288,106.04,103.45,105.80142857142857,0,0,0
2013-08-10,570.0,2013,8,10,5,3,32,1,0,0,347.0,657.0,548.0,262.0,462.42857142857144,482.0,459.46666666666664,147.79023100649198,106.04,106.04,105.67285714285715,1,0,0
2013-08-11,662.0,2013,8,11,6,3,32,1,0,0,570.0,681.0,700.0,397.0,450.0,483.57142857142856,469.73333333333335,131.4559495293634,106.04,106.04,105.5442857142857,0,0,0
2013-08-12,423.0,2013,8,12,0,3,33,0,0,0,662.0,461.0,414.0,466.0,447.2857142857143,480.85714285714283,478.56666666666666,125.97316418681389,106.19,106.04,105.41571428571429,0,0,0
2013-08-13,405.0,2013,8,13,1,3,33,0,0,0,423.0,328.0,353.0,449.0,441.85714285714283,481.5,477.1333333333333,126.10237715368174,106.78,106.19,105.35571428571428,0,0,0
2013-08-14,454.0,2013,8,14,2,3,33,0,0,0,405.0,403.0,570.0,484.0,452.85714285714283,485.2142857142857,475.6666666666667,117.58603739592583,106.89,106.78,105.56428571428572,0,0,0
2013-08-15,339.0,2013,8,15,3,3,33,0,0,0,454.0,360.0,462.0,443.0,460.14285714285717,476.92857142857144,474.6666666666667,115.54426074226306,107.43,106.89,105.91857142857143,0,0,1
2013-08-16,469.0,2013,8,16,4,3,33,0,0,0,339.0,347.0,464.0,469.0,457.14285714285717,468.14285714285717,471.2,118.80436099098414,107.58,107.43,106.48714285714287,0,0,0
2013-08-17,495.0,2013,8,17,5,3,33,1,0,0,469.0,570.0,657.0,292.0,474.57142857142856,468.5,471.2,108.45099837078008,107.58,107.58,106.70714285714284,0,0,0
2013-08-18,681.0,2013,8,18,6,3,33,1,0,0,495.0,662.0,681.0,278.0,463.85714285714283,456.92857142857144,477.96666666666664,100.89339022193711,107.58,107.58,106.92714285714285,0,0,0
2013-08-19,376.0,2013,8,19,0,3,34,0,0,0,681.0,423.0,461.0,605.0,466.57142857142856,456.92857142857144,491.4,107.17253557209641,107.14,107.58,107.14714285714287,0,0,0
2013-08-20,338.0,2013,8,20,1,3,34,0,0,0,376.0,405.0,328.0,817.0,459.85714285714283,450.85714285714283,483.76666666666665,111.73246107171693,104.9,107.14,107.28285714285714,0,0,0
2013-08-21,330.0,2013,8,21,2,3,34,0,0,0,338.0,454.0,403.0,295.0,450.2857142857143,451.57142857142856,467.8,119.79387058013987,103.93,104.9,107.01428571428572,0,0,0
2013-08-22,358.0,2013,8,22,3,3,34,0,0,0,330.0,339.0,360.0,470.0,432.57142857142856,446.35714285714283,468.96666666666664,128.0375688913957,104.93,103.93,106.59142857142858,0,0,0
2013-08-23,347.0,2013,8,23,4,3,34,0,0,0,358.0,469.0,347.0,431.0,435.2857142857143,446.2142857142857,465.23333333333335,125.9069951534516,106.48,104.93,106.23428571428572,0,0,0
2013-08-24,644.0,2013,8,24,5,3,34,1,0,0,347.0,495.0,570.0,282.0,417.85714285714283,446.2142857142857,462.43333333333334,128.87129053365362,106.48,106.48,106.07714285714287,0,0,1
2013-08-25,813.0,2013,8,25,6,3,34,1,0,0,644.0,681.0,662.0,596.0,439.14285714285717,451.5,474.5,153.6580929330095,106.48,106.48,105.92,0,0,0
2013-08-26,636.0,2013,8,26,0,3,35,0,0,0,813.0,376.0,423.0,548.0,458.0,462.2857142857143,481.73333333333335,191.68115887240077,105.88,106.48,105.76285714285714,0,0,0
2013-08-27,386.0,2013,8,27,1,3,35,0,0,0,636.0,338.0,405.0,700.0,495.14285714285717,477.5,484.6666666666667,198.222458003988,109.11,105.88,105.58285714285715,0,0,0
2013-08-28,613.0,2013,8,28,2,3,35,0,0,0,386.0,330.0,454.0,414.0,502.0,476.14285714285717,474.2,192.6317730801436,110.17,109.11,106.1842857142857,0,0,0
2013-08-29,432.0,2013,8,29,3,3,35,0,0,0,613.0,358.0,339.0,353.0,542.4285714285714,487.5,480.8333333333333,179.7858514481948,108.51,110.17,107.07571428571428,0,0,0
2013-08-30,410.0,2013,8,30,4,3,35,0,0,0,432.0,347.0,469.0,570.0,553.0,494.14285714285717,483.46666666666664,168.98520645310938,107.98,108.51,107.58714285714287,0,0,0
2013-08-31,493.0,2013,8,31,5,3,35,1,0,1,410.0,644.0,495.0,462.0,562.0,489.92857142857144,478.1333333333333,157.4706321826391,107.98,107.98,107.80142857142857,0,0,0
2013-09-01,711.0,2013,9,1,6,3,35,1,1,0,493.0,813.0,681.0,464.0,540.4285714285714,489.7857142857143,479.1666666666667,154.68339400514964,107.98,107.98,108.01571428571428,0,0,0
2013-09-02,583.0,2013,9,2,0,3,36,0,0,0,711.0,636.0,376.0,657.0,525.8571428571429,491.92857142857144,487.4,127.0661619937011,108.325,107.98,108.23,0,0,0
2013-09-03,345.0,2013,9,3,1,3,36,0,0,0,583.0,386.0,338.0,681.0,518.2857142857143,506.7142857142857,484.93333333333334,120.83558290188387,108.67,108.325,108.5792857142857,0,0,0
2013-09-04,670.0,2013,9,4,2,3,36,0,0,0,345.0,613.0,330.0,461.0,512.4285714285714,507.2142857142857,473.73333333333335,129.0321111750314,107.29,108.67,108.51642857142858,0,0,0
2013-09-05,331.0,2013,9,5,3,3,36,0,0,0,670.0,432.0,358.0,328.0,520.5714285714286,531.5,480.7,137.92855293334182,108.5,107.29,108.105,0,0,0
2013-09-06,415.0,2013,9,6,4,3,36,0,0,0,331.0,410.0,347.0,403.0,506.14285714285717,529.5714285714286,480.8,153.1779233129766,110.62,108.5,108.10357142857143,0,0,0
2013-09-07,791.0,2013,9,7,5,3,36,1,0,0,415.0,493.0,644.0,360.0,506.85714285714283,534.4285714285714,481.2,152.66567893213414,110.62,110.62,108.48071428571428,0,0,0
2013-09-08,786.0,2013,9,8,6,3,36,1,0,0,791.0,711.0,813.0,347.0,549.4285714285714,544.9285714285714,495.56666666666666,186.05541929118604,110.62,110.62,108.85785714285714,0,0,0
2013-09-09,541.0,2013,9,9,0,3,37,0,0,0,786.0,583.0,636.0,570.0,560.1428571428571,543.0,510.2,198.6440942753552,109.62,110.62,109.235,0,0,0
2013-09-10,342.0,2013,9,10,1,3,37,0,0,0,541.0,345.0,386.0,662.0,554.1428571428571,536.2142857142857,509.23333333333335,198.4728600853935,107.48,109.62,109.42,0,0,0
2013-09-11,435.0,2013,9,11,2,3,37,0,0,0,342.0,670.0,613.0,423.0,553.7142857142857,533.0714285714286,498.56666666666666,199.00227325813333,107.65,107.48,109.25,0,0,0
2013-09-12,621.0,2013,9,12,3,3,37,0,0,0,435.0,331.0,432.0,405.0,520.1428571428571,520.3571428571429,498.96666666666664,195.91361069905994,108.72,107.65,109.30142857142857,0,0,0
2013-09-13,323.0,2013,9,13,4,3,37,0,0,0,621.0,415.0,410.0,454.0,561.5714285714286,533.8571428571429,506.1666666666667,179.19994153910613,108.31,108.72,109.33285714285715,0,0,0
2013-09-14,632.0,2013,9,14,5,3,37,1,0,0,323.0,791.0,493.0,339.0,548.4285714285714,527.6428571428571,501.8,194.46495583425576,108.31,108.31,109.00285714285714,0,0,0
2013-09-15,710.0,2013,9,15,6,3,37,1,0,0,632.0,786.0,711.0,469.0,525.7142857142857,537.5714285714286,511.56666666666666,169.03225953025867,108.31,108.31,108.67285714285715,0,0,0
2013-09-16,524.0,2013,9,16,0,3,38,0,0,0,710.0,541.0,583.0,495.0,514.8571428571429,537.5,519.6,151.00709538674934,106.54,108.31,108.34285714285714,0,0,0
2013-09-17,314.0,2013,9,17,1,3,38,0,0,0,524.0,342.0,345.0,681.0,512.4285714285714,533.2857142857143,520.5666666666667,150.6528649388576,105.36,106.54,107.90285714285714,0,0,0
2013-09-18,414.0,2013,9,18,2,3,38,0,0,0,314.0,435.0,670.0,376.0,508.42857142857144,531.0714285714286,508.3333333333333,156.20164013528256,108.23,105.36,107.60000000000001,0,0,0
2013-09-19,372.0,2013,9,19,3,3,38,0,0,0,414.0,621.0,331.0,338.0,505.42857142857144,512.7857142857143,509.6,158.0378194640521,106.26,108.23,107.68285714285715,0,0,0
2013-09-20,346.0,2013,9,20,4,3,38,0,0,0,372.0,323.0,415.0,330.0,469.85714285714283,515.7142857142857,510.73333333333335,155.69460338691712,104.7,106.26,107.33142857142857,0,0,0
2013-09-21,726.0,2013,9,21,5,3,38,1,0,0,346.0,632.0,791.0,358.0,473.14285714285717,510.7857142857143,511.26666666666665,152.2841954717432,104.7,104.7,106.8157142857143,0,0,0
2013-09-22,866.0,2013,9,22,6,3,38,1,0,0,726.0,710.0,786.0,347.0,486.57142857142856,506.14285714285717,523.5333333333333,171.5525741989482,104.7,104.7,106.3,0,0,0
2013-09-23,516.0,2013,9,23,0,3,39,0,0,0,866.0,524.0,541.0,644.0,508.85714285714283,511.85714285714283,540.8333333333334,211.00981696864912,103.62,104.7,105.78428571428572,0,0,0
2013-09-24,306.0,2013,9,24,1,3,39,0,0,0,516.0,314.0,342.0,813.0,507.7142857142857,510.07142857142856,536.5666666666667,210.93578350271608,103.22,103.62,105.36714285714285,0,0,0
2013-09-25,486.0,2013,9,25,2,3,39,0,0,0,306.0,414.0,435.0,636.0,506.57142857142856,507.5,519.6666666666666,212.17827185557664,102.68,103.22,105.06142857142856,0,0,0
2013-09-26,428.0,2013,9,26,3,3,39,0,0,0,486.0,372.0,621.0,386.0,516.8571428571429,511.14285714285717,514.6666666666666,208.65875536501252,103.1,102.68,104.26857142857145,0,0,0
2013-09-27,370.0,2013,9,27,4,3,39,0,0,0,428.0,346.0,323.0,613.0,524.8571428571429,497.35714285714283,516.0666666666667,203.18089523987277,102.86,103.1,103.81714285714285,0,0,0
2013-09-28,609.0,2013,9,28,5,3,39,1,0,0,370.0,726.0,632.0,432.0,528.2857142857143,500.7142857142857,507.96666666666664,199.83469358923824,102.86,102.86,103.55428571428571,0,0,1
2013-09-29,764.0,2013,9,29,6,3,39,1,0,0,609.0,866.0,710.0,410.0,511.57142857142856,499.07142857142856,513.8666666666667,184.87460357663787,102.86,102.86,103.29142857142857,0,0,0
2013-09-30,416.0,2013,9,30,0,3,40,0,0,1,764.0,516.0,524.0,493.0,497.0,502.92857142857144,525.6666666666666,153.6695589026443,102.36,102.86,103.02857142857142,0,0,0
2013-10-01,336.0,2013,10,1,1,4,40,0,1,0,416.0,306.0,314.0,711.0,482.7142857142857,495.2142857142857,523.1,156.23562791044603,102.09,102.36,102.84857142857142,0,0,0
2013-10-02,407.0,2013,10,2,2,4,40,0,0,0,336.0,486.0,414.0,583.0,487.0,496.7857142857143,510.6,150.90062955468383,104.15,102.09,102.68714285714286,0,0,0
2013-10-03,303.0,2013,10,3,3,4,40,0,0,0,407.0,428.0,372.0,345.0,475.7142857142857,496.2857142857143,504.73333333333335,153.91200330677484,103.29,104.15,102.89714285714285,0,0,0
2013-10-04,550.0,2013,10,4,4,4,40,0,0,0,303.0,370.0,346.0,670.0,457.85714285714283,491.35714285714283,503.3333333333333,167.0602970700781,103.83,103.29,102.92428571428572,0,0,0
2013-10-05,678.0,2013,10,5,5,4,40,1,0,0,550.0,609.0,726.0,331.0,483.57142857142856,505.92857142857144,499.3333333333333,165.12506083052816,103.83,103.83,103.06285714285715,0,0,0
2013-10-06,719.0,2013,10,6,6,4,40,1,0,0,678.0,764.0,866.0,415.0,493.42857142857144,502.5,510.9,175.58839857543447,103.83,103.83,103.20142857142858,0,0,0
2013-10-07,515.0,2013,10,7,0,4,41,0,0,0,719.0,416.0,516.0,791.0,487.0,492.0,521.0333333333333,164.5053190629407,103.07,103.83,103.34,0,0,1
2013-10-08,346.0,2013,10,8,1,4,41,0,0,0,515.0,336.0,306.0,786.0,501.14285714285717,491.92857142857144,511.8333333333333,161.61417901020565,103.54,103.07,103.44142857142857,0,0,0
2013-10-09,601.0,2013,10,9,2,4,41,0,0,0,346.0,407.0,486.0,541.0,502.57142857142856,494.7857142857143,497.1666666666667,159.94671731846304,101.63,103.54,103.64857142857143,1,0,0
2013-10-10,277.0,2013,10,10,3,4,41,0,0,0,601.0,303.0,428.0,342.0,530.2857142857143,503.0,499.1666666666667,157.41422456448487,103.08,101.63,103.28857142857143,0,0,0
2013-10-11,221.0,2013,10,11,4,4,41,0,0,0,277.0,550.0,370.0,435.0,526.5714285714286,492.2142857142857,497.0,163.8463275377847,102.17,103.08,103.25857142857144,1,0,0
2013-10-12,558.0,2013,10,12,5,4,41,1,0,0,221.0,678.0,609.0,621.0,479.57142857142856,481.57142857142856,489.8666666666667,199.34714874882366,102.17,102.17,103.02142857142857,0,0,0
2013-10-13,485.0,2013,10,13,6,4,41,1,0,0,558.0,719.0,764.0,323.0,462.42857142857144,477.92857142857144,487.76666666666665,184.00892835481005,102.17,102.17,102.78428571428572,0,0,0
2013-10-14,276.0,2013,10,14,0,4,42,0,0,0,485.0,515.0,416.0,632.0,429.0,458.0,493.1666666666667,147.20394016465679,102.46,102.17,102.54714285714286,0,0,0
2013-10-15,345.0,2013,10,15,1,4,42,0,0,0,276.0,346.0,336.0,710.0,394.85714285714283,448.0,481.3,151.5843313928235,101.15,102.46,102.46000000000001,0,0,0
2013-10-16,396.0,2013,10,16,2,4,42,0,0,0,345.0,601.0,407.0,524.0,394.7142857142857,448.64285714285717,469.1333333333333,151.63851125369803,102.34,101.15,102.11857142857143,0,0,0
2013-10-17,329.0,2013,10,17,3,4,42,0,0,0,396.0,277.0,303.0,314.0,365.42857142857144,447.85714285714283,464.8666666666667,122.07218785464123,100.72,102.34,102.22,0,0,0
2013-10-18,427.0,2013,10,18,4,4,42,0,0,0,329.0,221.0,550.0,414.0,372.85714285714283,449.7142857142857,465.3666666666667,117.28232116198348,100.87,100.72,101.88285714285713,0,0,0
2013-10-19,737.0,2013,10,19,5,4,42,1,0,0,427.0,558.0,678.0,372.0,402.2857142857143,440.92857142857144,465.8,96.90152094732355,100.87,100.87,101.69714285714285,0,0,0
2013-10-20,904.0,2013,10,20,6,4,42,1,0,0,737.0,485.0,719.0,346.0,427.85714285714283,445.14285714285717,477.96666666666664,152.50620596271722,100.87,100.87,101.51142857142858,0,0,0
2013-10-21,394.0,2013,10,21,0,4,43,0,0,0,904.0,276.0,515.0,726.0,487.7142857142857,458.35714285714283,496.56666666666666,237.31674634386434,99.28,100.87,101.32571428571428,0,0,0
2013-10-22,351.0,2013,10,22,1,4,43,0,0,0,394.0,345.0,346.0,866.0,504.57142857142856,449.7142857142857,485.5,223.56420192184697,97.63,99.28,100.87142857142855,0,0,0
2013-10-23,310.0,2013,10,23,2,4,43,0,0,0,351.0,396.0,601.0,516.0,505.42857142857144,450.07142857142856,468.3333333333333,222.86083635522945,96.9,97.63,100.36857142857141,0,0,0
2013-10-24,384.0,2013,10,24,3,4,43,0,0,0,310.0,329.0,277.0,306.0,493.14285714285717,429.2857142857143,461.46666666666664,232.07859916518834,96.65,96.9,99.59142857142858,0,0,0
2013-10-25,297.0,2013,10,25,4,4,43,0,0,0,384.0,427.0,221.0,486.0,501.0,436.92857142857144,464.06666666666666,226.45823750381285,97.4,96.65,99.01,0,0,0
2013-10-26,531.0,2013,10,26,5,4,43,1,0,0,297.0,737.0,558.0,428.0,482.42857142857144,442.35714285714283,457.76666666666665,238.54619199284164,97.4,97.4,98.51428571428572,0,0,0
2013-10-27,801.0,2013,10,27,6,4,43,1,0,0,531.0,904.0,485.0,370.0,453.0,440.42857142857144,461.2,213.27447104611446,97.4,97.4,98.01857142857145,0,0,0
2013-10-28,297.0,2013,10,28,0,4,44,0,0,0,801.0,394.0,276.0,609.0,438.2857142857143,463.0,475.56666666666666,177.53094968269053,98.74,97.4,97.52285714285715,0,0,0
2013-10-29,352.0,2013,10,29,1,4,44,0,0,0,297.0,351.0,345.0,764.0,424.42857142857144,464.5,465.1666666666667,185.1844640197595,98.29,98.74,97.4457142857143,0,0,0
2013-10-30,497.0,2013,10,30,2,4,44,0,0,0,352.0,310.0,396.0,416.0,424.57142857142856,465.0,451.43333333333334,185.11875210510757,96.81,98.29,97.53999999999999,0,0,0
2013-10-31,224.0,2013,10,31,3,4,44,0,0,1,497.0,384.0,329.0,336.0,451.2857142857143,472.2142857142857,454.1333333333333,179.22863823034723,96.29,96.81,97.52714285714286,0,0,0
2013-11-01,375.0,2013,11,1,4,4,44,0,1,0,224.0,297.0,427.0,407.0,428.42857142857144,464.7142857142857,450.4,198.41526918969453,94.56,96.29,97.47571428571429,0,0,0
2013-11-02,549.0,2013,11,2,5,4,44,1,0,0,375.0,531.0,737.0,303.0,439.57142857142856,461.0,449.3333333333333,191.88699551459695,94.56,94.56,97.07000000000001,1,0,0
2013-11-03,860.0,2013,11,3,6,4,44,1,0,0,549.0,801.0,904.0,550.0,442.14285714285717,447.57142857142856,457.53333333333336,193.43080465757282,94.56,94.56,96.66428571428571,1,0,0
2013-11-04,406.0,2013,11,4,0,4,45,0,0,0,860.0,297.0,394.0,678.0,450.57142857142856,444.42857142857144,467.8666666666667,212.06198554735272,94.58,94.56,96.25857142857141,0,0,0
2013-11-05,475.0,2013,11,5,1,4,45,0,0,0,406.0,352.0,351.0,719.0,466.14285714285717,445.2857142857143,458.8,202.7012815050992,93.4,94.58,95.66428571428571,0,0,0
2013-11-06,295.0,2013,11,6,2,4,45,0,0,0,475.0,497.0,310.0,515.0,483.7142857142857,454.14285714285717,450.6666666666667,196.39052445379858,94.74,93.4,94.96571428571428,0,1,0
2013-11-07,389.0,2013,11,7,3,4,45,0,0,0,295.0,224.0,384.0,346.0,454.85714285714283,453.07142857142856,443.3333333333333,208.5756685805165,94.25,94.74,94.67,0,1,0
2013-11-08,379.0,2013,11,8,4,4,45,0,0,0,389.0,375.0,297.0,601.0,478.42857142857144,453.42857142857144,444.76666666666665,186.26849540636854,94.56,94.25,94.37857142857142,0,0,0
2013-11-09,644.0,2013,11,9,5,4,45,1,0,0,379.0,549.0,531.0,277.0,479.0,459.2857142857143,437.3666666666667,185.9040971397169,94.56,94.56,94.37857142857145,0,0,0
2013-11-10,695.0,2013,11,10,6,4,45,1,0,0,644.0,860.0,801.0,221.0,492.57142857142856,467.35714285714283,449.6,195.1058320868079,94.56,94.56,94.37857142857142,0,0,1
2013-11-11,612.0,2013,11,11,0,4,46,0,0,0,695.0,406.0,297.0,558.0,469.0,459.7857142857143,465.4,147.46864073422506,95.13,94.56,94.37857142857145,0,0,1
2013-11-12,314.0,2013,11,12,1,4,46,0,0,0,612.0,475.0,352.0,485.0,498.42857142857144,482.2857142857143,467.2,153.2425714815752,93.12,95.13,94.45714285714287,0,0,1
2013-11-13,343.0,2013,11,13,2,4,46,0,0,0,314.0,295.0,497.0,276.0,475.42857142857144,479.57142857142856,461.5,168.65236152399112,93.91,93.12,94.41714285714286,0,0,0
2013-11-14,295.0,2013,11,14,3,4,46,0,0,0,343.0,389.0,224.0,345.0,482.2857142857143,468.57142857142856,463.73333333333335,160.89097166063956,93.76,93.91,94.29857142857144,0,0,0
2013-11-15,400.0,2013,11,15,4,4,46,0,0,0,295.0,379.0,375.0,396.0,468.85714285714283,473.64285714285717,462.06666666666666,173.41033088355147,93.8,93.76,94.22857142857143,0,0,0
2013-11-16,683.0,2013,11,16,5,4,46,1,0,0,400.0,644.0,549.0,329.0,471.85714285714283,475.42857142857144,462.2,171.77061115669002,93.8,93.8,94.11999999999999,0,0,0
2013-11-17,921.0,2013,11,17,6,4,46,1,0,0,683.0,695.0,860.0,427.0,477.42857142857144,485.0,474.0,178.77439893420328,93.8,93.8,94.01142857142858,0,0,0
2013-11-18,447.0,2013,11,18,0,4,47,0,0,0,921.0,612.0,406.0,737.0,509.7142857142857,489.35714285714283,490.46666666666664,235.89666825802792,93.03,93.8,93.90285714285713,0,0,0
2013-11-19,401.0,2013,11,19,1,4,47,0,0,0,447.0,314.0,475.0,904.0,486.14285714285717,492.2857142857143,480.8,232.18701411536665,93.35,93.03,93.60285714285713,0,0,0
2013-11-20,481.0,2013,11,20,2,4,47,0,0,0,401.0,343.0,295.0,394.0,498.57142857142856,487.0,464.03333333333336,223.60669127052603,93.34,93.35,93.63571428571427,0,0,0
2013-11-21,199.0,2013,11,21,3,4,47,0,0,0,481.0,295.0,389.0,351.0,518.2857142857143,500.2857142857143,466.93333333333334,213.45781338531057,95.35,93.34,93.55428571428571,0,0,0
2013-11-22,419.0,2013,11,22,4,4,47,0,0,0,199.0,400.0,379.0,310.0,504.57142857142856,486.7142857142857,461.8666666666667,232.43483469771124,94.53,95.35,93.78142857142858,0,0,0
2013-11-23,519.0,2013,11,23,5,4,47,1,0,0,419.0,683.0,644.0,384.0,507.2857142857143,489.57142857142856,465.5,231.11736865765423,94.53,94.53,93.88571428571429,0,0,0
2013-11-24,702.0,2013,11,24,6,4,47,1,0,0,519.0,921.0,695.0,297.0,483.85714285714283,480.64285714285717,470.0,218.29294428315694,94.53,94.53,93.99,0,0,0
2013-11-25,282.0,2013,11,25,0,4,48,0,0,0,702.0,447.0,612.0,531.0,452.57142857142856,481.14285714285717,483.5,150.3061954177282,93.86,94.53,94.0942857142857,0,0,0
2013-11-26,274.0,2013,11,26,1,4,48,0,0,0,282.0,401.0,314.0,801.0,429.0,457.57142857142856,475.2,163.66938219064235,93.41,93.86,94.21285714285715,0,0,0
2013-11-27,474.0,2013,11,27,2,4,48,0,0,0,274.0,481.0,343.0,297.0,410.85714285714283,454.7142857142857,457.6333333333333,174.00328404125804,92.05,93.41,94.22142857142856,0,0,0
2013-11-28,258.0,2013,11,28,3,4,48,0,0,0,474.0,199.0,295.0,352.0,409.85714285714283,464.07142857142856,463.53333333333336,173.55251709634192,92.3,92.05,94.03714285714285,0,0,0
2013-11-29,363.0,2013,11,29,4,4,48,0,0,0,258.0,419.0,400.0,497.0,418.2857142857143,461.42857142857144,460.4,162.6988161048034,92.55,92.3,93.60142857142856,0,0,0
2013-11-30,726.0,2013,11,30,5,4,48,1,0,1,363.0,519.0,683.0,224.0,410.2857142857143,458.7857142857143,455.93333333333334,164.0291785889672,92.55,92.55,93.31857142857143,0,0,0
2013-12-01,736.0,2013,12,1,6,4,48,1,1,0,726.0,702.0,921.0,375.0,439.85714285714283,461.85714285714283,472.6666666666667,201.31602732306922,92.55,92.55,93.03571428571429,0,0,0
2013-12-02,421.0,2013,12,2,0,4,49,0,0,0,736.0,282.0,447.0,549.0,444.7142857142857,448.64285714285717,484.7,208.95989590167295,93.61,92.55,92.75285714285714,0,0,0
2013-12-03,493.0,2013,12,3,1,4,49,0,0,0,421.0,274.0,401.0,860.0,464.57142857142856,446.7857142857143,480.43333333333334,197.19352350999168,95.83,93.61,92.71714285714286,0,0,0
2013-12-04,454.0,2013,12,4,2,4,49,0,0,0,493.0,474.0,481.0,406.0,495.85714285714283,453.35714285714283,468.2,178.3960281428452,96.97,95.83,93.06285714285714,0,0,0
2013-12-05,265.0,2013,12,5,3,4,49,0,0,0,454.0,258.0,199.0,475.0,493.0,451.42857142857144,469.8,178.96368346678597,97.14,96.97,93.76571428571428,0,0,1
2013-12-06,388.0,2013,12,6,4,4,49,0,0,0,265.0,363.0,419.0,295.0,494.0,456.14285714285717,462.8,177.44482710596728,97.48,97.14,94.45714285714287,0,0,1
2013-12-07,504.0,2013,12,7,5,4,49,1,0,0,388.0,726.0,519.0,389.0,497.57142857142856,453.92857142857144,465.9,174.59749630016367,97.48,97.48,95.16142857142857,0,0,0
2013-12-08,477.0,2013,12,8,6,4,49,1,0,0,504.0,736.0,702.0,379.0,465.85714285714283,452.85714285714283,469.73333333333335,143.60063668780433,97.48,97.48,95.86571428571428,0,0,1
2013-12-09,378.0,2013,12,9,0,4,50,0,0,0,477.0,421.0,282.0,644.0,428.85714285714283,436.7857142857143,473.0,82.95667256953713,97.1,97.48,96.57000000000001,0,0,0
2013-12-10,330.0,2013,12,10,1,4,50,0,0,0,378.0,493.0,274.0,695.0,422.7142857142857,443.64285714285717,464.1333333333333,85.197250123295,98.32,97.1,97.06857142857143,0,0,0
2013-12-11,508.0,2013,12,11,2,4,50,0,0,0,330.0,454.0,474.0,612.0,399.42857142857144,447.64285714285717,451.96666666666664,85.06048268312114,97.25,98.32,97.42428571428572,0,0,0
2013-12-12,502.0,2013,12,12,3,4,50,0,0,0,508.0,265.0,258.0,314.0,407.14285714285717,450.07142857142856,448.5,92.92008855539635,97.21,97.25,97.46428571428571,0,0,0
2013-12-13,367.0,2013,12,13,4,4,50,0,0,0,502.0,388.0,363.0,343.0,441.0,467.5,454.76666666666665,73.68174807915379,96.27,97.21,97.4742857142857,0,0,0
2013-12-14,547.0,2013,12,14,5,4,50,1,0,0,367.0,504.0,726.0,295.0,438.0,467.7857142857143,455.56666666666666,76.57022920169352,96.27,96.27,97.30142857142856,0,0,0
2013-12-15,621.0,2013,12,15,6,4,50,1,0,0,547.0,477.0,736.0,400.0,444.14285714285717,455.0,463.96666666666664,84.10197891335699,96.27,96.27,97.1285714285714,0,0,0
2013-12-16,322.0,2013,12,16,0,4,51,0,0,0,621.0,378.0,421.0,683.0,464.7142857142857,446.7857142857143,471.3333333333333,107.76164173105074,97.18,96.27,96.9557142857143,0,0,0
2013-12-17,496.0,2013,12,17,1,4,51,0,0,0,322.0,330.0,493.0,921.0,456.7142857142857,439.7142857142857,459.3,116.95827501822177,96.99,97.18,96.96714285714286,0,0,0
2013-12-18,532.0,2013,12,18,2,4,51,0,0,0,496.0,508.0,454.0,447.0,480.42857142857144,439.92857142857144,445.1333333333333,102.97711257500688,97.59,96.99,96.77714285714285,0,0,0
2013-12-19,455.0,2013,12,19,3,4,51,0,0,0,532.0,502.0,265.0,401.0,483.85714285714283,445.5,447.96666666666664,104.43726756834836,98.4,97.59,96.82571428571428,0,0,0
2013-12-20,441.0,2013,12,20,4,4,51,0,0,0,455.0,367.0,388.0,481.0,477.14285714285717,459.07142857142856,449.76666666666665,104.58717029576866,99.11,98.4,96.99571428571429,0,0,0
2013-12-21,630.0,2013,12,21,5,4,51,1,0,0,441.0,547.0,504.0,199.0,487.7142857142857,462.85714285714283,448.43333333333334,94.88890747555637,99.11,99.11,97.40142857142858,1,0,0
2013-12-22,985.0,2013,12,22,6,4,51,1,0,0,630.0,621.0,477.0,419.0,499.57142857142856,471.85714285714283,462.8,107.83452932287348,99.11,99.11,97.80714285714285,1,0,1
2013-12-23,523.0,2013,12,23,0,4,52,0,0,0,985.0,322.0,378.0,519.0,551.5714285714286,508.14285714285717,481.6666666666667,212.81357815613893,98.62,99.11,98.21285714285715,1,0,0
2013-12-24,365.0,2013,12,24,1,4,52,0,0,0,523.0,496.0,330.0,702.0,580.2857142857143,518.5,481.8,188.89125115236226,98.87,98.62,98.41857142857144,1,0,0
2013-12-26,418.0,2013,12,26,3,4,52,0,0,0,365.0,532.0,508.0,282.0,561.5714285714286,521.0,470.56666666666666,204.47971141644445,99.18,98.87,98.68714285714286,1,0,0
2013-12-27,419.0,2013,12,27,4,4,52,0,0,0,418.0,455.0,502.0,274.0,545.2857142857143,514.5714285714286,475.1,211.6417683143809,99.94,99.18,98.91428571428571,0,0,0
2013-12-28,499.0,2013,12,28,5,4,52,1,0,0,419.0,441.0,367.0,474.0,540.1428571428571,508.64285714285717,479.93333333333334,214.6178220088199,99.94,99.94,99.13428571428572,0,0,0
2013-12-29,552.0,2013,12,29,6,4,52,1,0,0,499.0,630.0,547.0,258.0,548.4285714285714,518.0714285714286,480.76666666666665,211.24540006262632,99.94,99.94,99.25285714285714,0,0,0
2013-12-30,595.0,2013,12,30,0,4,1,0,0,0,552.0,985.0,621.0,363.0,537.2857142857143,518.4285714285714,490.56666666666666,208.26162575449356,98.9,99.94,99.37142857142858,0,0,0
2013-12-31,436.0,2013,12,31,1,4,1,0,0,1,595.0,523.0,322.0,726.0,481.57142857142856,516.5714285714286,498.3,83.0579258567113,98.17,98.9,99.34142857142857,1,0,0
2014-01-02,589.0,2014,1,2,3,1,1,0,0,0,436.0,365.0,496.0,736.0,469.14285714285717,524.7142857142857,488.6333333333333,82.33150181112984,95.14,98.17,99.27714285714285,0,0,0
2014-01-03,474.0,2014,1,3,4,1,1,0,0,0,589.0,418.0,532.0,421.0,501.14285714285717,531.3571428571429,483.73333333333335,78.55237864301832,93.66,95.14,98.74428571428571,0,0,0
2014-01-04,767.0,2014,1,4,5,1,1,1,0,0,474.0,419.0,455.0,493.0,509.14285714285717,527.2142857142857,485.5,71.17918368790227,93.66,93.66,97.9557142857143,0,0,0
2014-01-05,1203.0,2014,1,5,6,1,1,1,0,0,767.0,499.0,441.0,454.0,558.8571428571429,549.5,494.6333333333333,109.13512812324089,93.66,93.66,97.05857142857143,0,0,0
2014-01-06,399.0,2014,1,6,0,1,2,0,0,0,1203.0,552.0,630.0,265.0,659.4285714285714,603.9285714285714,519.6,262.04252653774705,93.12,93.66,96.16142857142857,0,0,0
2014-01-07,498.0,2014,1,7,1,1,2,0,0,0,399.0,595.0,985.0,388.0,637.5714285714286,587.4285714285714,524.0666666666667,278.36897405114286,93.31,93.12,95.18714285714285,0,0,0
2014-01-08,561.0,2014,1,8,2,1,2,0,0,0,498.0,436.0,523.0,504.0,623.7142857142857,552.6428571428571,527.7333333333333,283.2135320953165,91.9,93.31,94.38857142857144,0,0,0
2014-01-09,239.0,2014,1,9,3,1,2,0,0,0,561.0,589.0,365.0,477.0,641.5714285714286,555.3571428571429,529.6333333333333,273.16774891560533,91.36,91.9,93.49285714285715,0,0,0
2014-01-10,438.0,2014,1,10,4,1,2,0,0,0,239.0,474.0,418.0,378.0,591.5714285714286,546.3571428571429,521.7,313.45486498210937,92.39,91.36,92.95285714285716,0,0,0
2014-01-11,619.0,2014,1,11,5,1,2,1,0,0,438.0,767.0,419.0,330.0,586.4285714285714,547.7857142857143,523.7,315.99043083763223,92.39,92.39,92.77142857142857,0,0,0
2014-01-12,533.0,2014,1,12,6,1,2,1,0,0,619.0,1203.0,499.0,508.0,565.2857142857143,562.0714285714286,533.3333333333334,306.70980545444706,92.39,92.39,92.59,0,0,0
2014-01-13,443.0,2014,1,13,0,1,3,0,0,0,533.0,399.0,552.0,502.0,469.57142857142856,564.5,534.1666666666666,125.60501203223895,91.45,92.39,92.40857142857143,0,0,0
2014-01-14,440.0,2014,1,14,1,1,3,0,0,0,443.0,498.0,595.0,367.0,475.85714285714283,556.7142857142857,532.2,122.54853266009638,92.15,91.45,92.17,0,0,0
2014-01-15,360.0,2014,1,15,2,1,3,0,0,0,440.0,561.0,436.0,547.0,467.57142857142856,545.6428571428571,534.6333333333333,122.76244966445924,93.78,92.15,92.00428571428571,0,0,0
2014-01-16,1168.0,2014,1,16,3,1,3,0,0,0,360.0,239.0,589.0,621.0,438.85714285714283,540.2142857142857,528.4,120.75792392417145,93.54,93.78,92.27285714285713,0,0,0
2014-01-17,506.0,2014,1,17,4,1,3,0,0,0,1168.0,438.0,474.0,322.0,571.5714285714286,581.5714285714286,546.6333333333333,275.65368196516516,93.96,93.54,92.58428571428571,0,0,0
2014-01-18,720.0,2014,1,18,5,1,3,1,0,0,506.0,619.0,767.0,496.0,581.2857142857143,583.8571428571429,552.7666666666667,271.32619623232995,93.96,93.96,92.80857142857143,0,0,0
2014-01-19,561.0,2014,1,19,6,1,3,1,0,0,720.0,533.0,1203.0,532.0,595.7142857142857,580.5,560.2333333333333,276.3058174593956,93.96,93.96,93.03285714285714,0,0,0
2014-01-20,391.0,2014,1,20,0,1,4,0,0,0,561.0,443.0,399.0,455.0,599.7142857142857,534.6428571428571,561.2,275.44794685851537,94.235,93.96,93.25714285714285,0,0,0
2014-01-21,421.0,2014,1,21,1,1,4,0,0,0,391.0,440.0,498.0,441.0,592.2857142857143,534.0714285714286,559.0666666666667,281.0235543424041,94.51,94.235,93.65499999999999,0,0,0
2014-01-22,519.0,2014,1,22,2,1,4,0,0,0,421.0,360.0,561.0,630.0,589.5714285714286,528.5714285714286,558.4,282.8255393600192,96.35,94.51,93.99214285714285,0,0,0
2014-01-23,231.0,2014,1,23,3,1,4,0,0,0,519.0,1168.0,239.0,985.0,612.2857142857143,525.5714285714286,554.7,267.2724666488704,97.23,96.35,94.35928571428572,0,0,0
2014-01-24,263.0,2014,1,24,4,1,4,0,0,0,231.0,506.0,438.0,523.0,478.42857142857144,525.0,529.5666666666667,152.6126437999776,96.66,97.23,94.88642857142857,0,0,0
2014-01-25,789.0,2014,1,25,5,1,4,1,0,0,263.0,720.0,619.0,365.0,443.7142857142857,512.5,520.9,171.7349840944019,96.66,96.66,95.27214285714285,0,0,0
2014-01-26,698.0,2014,1,26,6,1,4,1,0,0,789.0,561.0,533.0,418.0,453.57142857142856,524.6428571428571,535.0333333333333,191.122000428048,96.66,96.66,95.65785714285714,0,0,0
2014-01-27,310.0,2014,1,27,0,1,5,0,0,0,698.0,391.0,443.0,419.0,473.14285714285717,536.4285714285714,544.3666666666667,210.03525781118108,95.82,96.66,96.04357142857143,0,0,0
2014-01-28,332.0,2014,1,28,1,1,5,0,0,0,310.0,421.0,440.0,499.0,461.57142857142856,526.9285714285714,540.7333333333333,217.41654118523763,97.49,95.82,96.27,0,0,0
2014-01-29,405.0,2014,1,29,2,1,5,0,0,0,332.0,519.0,360.0,552.0,448.85714285714283,519.2142857142857,535.1666666666666,222.72212026905316,97.34,97.49,96.69571428571427,0,0,0
2014-01-30,323.0,2014,1,30,3,1,5,0,0,0,405.0,231.0,1168.0,595.0,432.57142857142856,522.4285714285714,530.2666666666667,220.89881329306732,98.25,97.34,96.83714285714287,0,0,0
2014-01-31,456.0,2014,1,31,4,1,5,0,0,1,323.0,263.0,506.0,436.0,445.7142857142857,462.07142857142856,521.2,209.34159825964952,97.55,98.25,96.98285714285714,0,0,0
2014-02-01,732.0,2014,2,1,5,1,5,1,1,0,456.0,789.0,720.0,589.0,473.2857142857143,458.5,521.8666666666667,193.3664175304782,97.55,97.55,97.11,0,0,0
2014-02-02,704.0,2014,2,2,6,1,5,1,0,0,732.0,698.0,561.0,474.0,465.14285714285717,459.35714285714283,526.6333333333333,178.48289233745243,97.55,97.55,97.23714285714286,0,0,0
2014-02-03,395.0,2014,2,3,0,1,6,0,0,0,704.0,310.0,391.0,767.0,466.0,469.57142857142856,534.3,179.7971078744032,96.44,97.55,97.36428571428571,0,0,0
2014-02-04,313.0,2014,2,4,1,1,6,0,0,0,395.0,332.0,421.0,1203.0,478.14285714285717,469.85714285714283,521.9,170.11508709442165,97.24,96.44,97.45285714285716,0,0,0
2014-02-05,463.0,2014,2,5,2,1,6,0,0,0,313.0,405.0,519.0,399.0,475.42857142857144,462.14285714285717,492.23333333333335,172.9632496060522,97.4,97.24,97.41714285714286,0,0,0
2014-02-06,301.0,2014,2,6,3,1,6,0,0,0,463.0,323.0,231.0,498.0,483.7142857142857,458.14285714285717,494.3666666666667,170.39729485892053,97.84,97.4,97.42571428571429,0,0,0
2014-02-07,289.0,2014,2,7,4,1,6,0,0,0,301.0,456.0,263.0,561.0,480.57142857142856,463.14285714285717,487.8,174.019976959406,99.98,97.84,97.36714285714285,0,0,0
2014-02-08,678.0,2014,2,8,5,1,6,1,0,0,289.0,732.0,789.0,239.0,456.7142857142857,465.0,478.73333333333335,188.77209741353332,99.98,99.98,97.71428571428571,0,0,0
2014-02-09,731.0,2014,2,9,6,1,6,1,0,0,678.0,704.0,698.0,438.0,449.0,457.07142857142856,493.3666666666667,176.34152469946795,99.98,99.98,98.06142857142856,0,0,0
2014-02-10,370.0,2014,2,10,0,1,7,0,0,0,731.0,395.0,310.0,619.0,452.85714285714283,459.42857142857144,503.1333333333333,183.01769365412713,100.12,99.98,98.40857142857143,0,0,0
2014-02-11,440.0,2014,2,11,1,1,7,0,0,0,370.0,313.0,332.0,533.0,449.2857142857143,463.7142857142857,494.8333333333333,184.57222099195886,99.96,100.12,98.9342857142857,0,0,0
2014-02-12,409.0,2014,2,12,2,1,7,0,0,0,440.0,463.0,405.0,443.0,467.42857142857144,471.42857142857144,491.73333333333335,174.93318452374558,100.38,99.96,99.32285714285715,0,0,0
2014-02-13,310.0,2014,2,13,3,1,7,0,0,0,409.0,301.0,323.0,440.0,459.7142857142857,471.7142857142857,490.6,176.34598028280803,100.27,100.38,99.74857142857142,0,0,0
2014-02-14,258.0,2014,2,14,4,1,7,0,0,0,310.0,289.0,456.0,360.0,461.0,470.7857142857143,486.26666666666665,175.02380790433367,100.31,100.27,100.0957142857143,0,0,0
2014-02-15,650.0,2014,2,15,5,1,7,1,0,0,258.0,678.0,732.0,1168.0,456.57142857142856,456.64285714285717,482.8666666666667,180.41051072748542,100.31,100.31,100.14285714285714,0,0,0
2014-02-16,583.0,2014,2,16,6,1,7,1,0,0,650.0,731.0,704.0,506.0,452.57142857142856,450.7857142857143,465.6,174.9093642841499,100.31,100.31,100.19000000000001,0,0,0
2014-02-17,506.0,2014,2,17,0,1,8,0,0,0,583.0,370.0,395.0,720.0,431.42857142857144,442.14285714285717,468.1666666666667,141.37403951086185,101.425,100.31,100.23714285714286,0,0,0
2014-02-18,506.0,2014,2,18,1,1,8,0,0,0,506.0,440.0,313.0,561.0,450.85714285714283,450.07142857142856,461.03333333333336,140.8692402802776,102.54,101.425,100.42357142857144,0,0,0
2014-02-19,392.0,2014,2,19,2,1,8,0,0,0,506.0,409.0,463.0,391.0,460.2857142857143,463.85714285714283,459.2,142.22366690734415,103.46,102.54,100.79214285714285,0,0,0
2014-02-20,296.0,2014,2,20,3,1,8,0,0,0,392.0,310.0,301.0,421.0,457.85714285714283,458.7857142857143,459.23333333333335,143.38576006869002,103.2,103.46,101.23214285714286,0,0,0
2014-02-21,393.0,2014,2,21,4,1,8,0,0,0,296.0,258.0,289.0,519.0,455.85714285714283,458.42857142857144,455.06666666666666,145.86800948280583,102.53,103.2,101.65071428571427,0,0,0
2014-02-22,809.0,2014,2,22,5,1,8,1,0,0,393.0,650.0,678.0,231.0,475.14285714285717,465.85714285714283,450.8666666666667,122.3824995269993,102.53,102.53,101.96785714285716,0,0,0
2014-02-23,714.0,2014,2,23,6,1,8,1,0,0,809.0,583.0,731.0,263.0,497.85714285714283,475.2142857142857,470.1333333333333,166.90259491834163,102.53,102.53,102.285,0,0,0
2014-02-24,338.0,2014,2,24,0,1,9,0,0,0,714.0,506.0,370.0,789.0,516.5714285714286,474.0,485.1666666666667,184.46124899542528,103.17,102.53,102.60214285714287,0,0,0
2014-02-25,453.0,2014,2,25,1,1,9,0,0,0,338.0,506.0,440.0,698.0,492.57142857142856,471.7142857142857,470.1333333333333,196.5959114044649,102.2,103.17,102.85142857142857,0,0,0
2014-02-26,388.0,2014,2,26,2,1,9,0,0,0,453.0,392.0,409.0,310.0,485.0,472.64285714285717,461.96666666666664,197.01268994661186,102.93,102.2,102.80285714285715,0,0,0
2014-02-27,587.0,2014,2,27,3,1,9,0,0,0,388.0,296.0,310.0,332.0,484.42857142857144,471.14285714285717,464.56666666666666,197.3329311450208,102.68,102.93,102.72714285714287,0,0,0
2014-02-28,346.0,2014,2,28,4,1,9,0,0,1,587.0,393.0,258.0,405.0,526.0,490.92857142857144,473.06666666666666,180.99723754798006,102.88,102.68,102.65285714285714,0,0,0
2014-03-01,714.0,2014,3,1,5,1,9,1,1,0,346.0,809.0,650.0,323.0,519.2857142857143,497.2142857142857,471.1,187.50796808466035,102.88,102.88,102.70285714285714,0,0,0
2014-03-02,410.0,2014,3,2,6,1,9,1,0,0,714.0,714.0,583.0,456.0,505.7142857142857,501.7857142857143,484.1333333333333,165.1491389479157,102.88,102.88,102.75285714285714,0,0,1
2014-03-03,408.0,2014,3,3,0,1,10,0,0,0,410.0,338.0,506.0,732.0,462.2857142857143,489.42857142857144,482.6,139.17700275274598,105.34,102.88,102.80285714285715,1,0,0
2014-03-04,648.0,2014,3,4,1,1,10,0,0,0,408.0,453.0,506.0,704.0,472.2857142857143,482.42857142857144,471.8,131.03525516149418,103.64,105.34,103.11285714285715,1,0,0
2014-03-05,367.0,2014,3,5,2,1,10,0,0,0,648.0,388.0,392.0,395.0,500.14285714285717,492.57142857142856,469.93333333333334,146.11231817957508,101.75,103.64,103.31857142857143,0,0,0
2014-03-06,492.0,2014,3,6,3,1,10,0,0,0,367.0,587.0,296.0,313.0,497.14285714285717,490.7857142857143,469.0,148.9859373357411,101.82,101.75,103.14999999999999,0,0,0
2014-03-07,410.0,2014,3,7,4,1,10,0,0,0,492.0,346.0,393.0,463.0,483.57142857142856,504.7857142857143,474.96666666666664,143.66843441625883,102.82,101.82,103.02714285714286,0,0,0
2014-03-08,572.0,2014,3,8,5,1,10,1,0,0,410.0,714.0,809.0,301.0,492.7142857142857,506.0,473.2,135.24387143935434,102.82,102.82,103.01857142857143,0,0,0
2014-03-09,731.0,2014,3,9,6,1,10,1,0,0,572.0,410.0,714.0,289.0,472.42857142857144,489.07142857142856,482.23333333333335,103.42768350052856,102.82,102.82,103.00999999999999,0,0,0
2014-03-10,437.0,2014,3,10,0,1,11,0,0,0,731.0,408.0,338.0,678.0,518.2857142857143,490.2857142857143,496.96666666666664,136.8852491270383,101.39,102.82,103.00142857142858,0,0,0
2014-03-11,509.0,2014,3,11,1,1,11,0,0,0,437.0,648.0,453.0,731.0,522.4285714285714,497.35714285714283,488.93333333333334,133.38522799627762,100.29,101.39,102.43714285714285,0,0,0
2014-03-12,317.0,2014,3,12,2,1,11,0,0,0,509.0,367.0,388.0,370.0,502.57142857142856,501.35714285714283,481.53333333333336,121.38211996673527,98.29,100.29,101.95857142857143,0,0,0
2014-03-13,254.0,2014,3,13,3,1,11,0,0,0,317.0,492.0,587.0,440.0,495.42857142857144,496.2857142857143,479.76666666666665,131.72048327532647,98.57,98.29,101.46428571428571,0,0,0
2014-03-14,243.0,2014,3,14,4,1,11,0,0,0,254.0,410.0,346.0,409.0,461.42857142857144,472.5,473.56666666666666,160.3567451474539,99.23,98.57,101.0,0,0,0
2014-03-15,535.0,2014,3,15,5,1,11,1,0,0,243.0,572.0,714.0,310.0,437.57142857142856,465.14285714285717,468.03333333333336,180.4474597058252,99.23,99.23,100.48714285714286,0,0,0
2014-03-16,726.0,2014,3,16,6,1,11,1,0,0,535.0,731.0,410.0,258.0,432.2857142857143,452.35714285714283,475.53333333333336,176.34881559541148,99.23,99.23,99.9742857142857,0,0,0
2014-03-17,285.0,2014,3,17,0,1,12,0,0,0,726.0,437.0,408.0,650.0,431.57142857142856,474.92857142857144,491.1333333333333,174.9417590160186,98.43,99.23,99.46142857142857,0,0,0
2014-03-18,353.0,2014,3,18,1,1,12,0,0,0,285.0,509.0,648.0,583.0,409.85714285714283,466.14285714285717,478.96666666666664,183.38523074975936,100.08,98.43,99.03857142857143,0,0,0
2014-03-19,346.0,2014,3,19,2,1,12,0,0,0,353.0,317.0,367.0,506.0,387.57142857142856,445.07142857142856,471.3,178.74922577254782,100.71,100.08,99.00857142857144,0,0,0
2014-03-20,139.0,2014,3,20,3,1,12,0,0,0,346.0,254.0,492.0,506.0,391.7142857142857,443.57142857142856,465.96666666666664,177.17008239326884,99.68,100.71,99.35428571428572,0,0,0
2014-03-21,456.0,2014,3,21,4,1,12,0,0,0,139.0,243.0,410.0,392.0,375.2857142857143,418.35714285714283,453.73333333333335,196.36081948436393,99.97,99.68,99.51285714285714,0,0,0
2014-03-22,567.0,2014,3,22,5,1,12,1,0,0,456.0,535.0,572.0,296.0,405.7142857142857,421.64285714285717,455.8666666666667,188.802996344261,99.97,99.97,99.61857142857143,0,0,0
2014-03-23,603.0,2014,3,23,6,1,12,1,0,0,567.0,726.0,731.0,393.0,410.2857142857143,421.2857142857143,464.9,192.8001679509237,99.97,99.97,99.72428571428573,0,0,0
2014-03-24,371.0,2014,3,24,0,1,13,0,0,0,603.0,285.0,437.0,809.0,392.7142857142857,412.14285714285717,471.9,162.4466212695861,100.05,99.97,99.83,0,0,0
2014-03-25,392.0,2014,3,25,1,1,13,0,0,0,371.0,353.0,509.0,714.0,405.0,407.42857142857144,457.3,156.06942899449038,99.66,100.05,100.06142857142856,0,0,0
2014-03-26,432.0,2014,3,26,2,1,13,0,0,0,392.0,346.0,317.0,338.0,410.57142857142856,399.07142857142856,446.56666666666666,154.5928600581282,100.61,99.66,100.00142857142858,0,0,0
2014-03-27,328.0,2014,3,27,3,1,13,0,0,0,432.0,139.0,254.0,453.0,422.85714285714283,407.2857142857143,449.7,152.0015664079678,101.25,100.61,99.98714285714286,0,0,0
2014-03-28,523.0,2014,3,28,4,1,13,0,0,0,328.0,456.0,243.0,388.0,449.85714285714283,412.57142857142856,445.53333333333336,101.60942963365116,101.73,101.25,100.21142857142857,0,0,0
2014-03-29,647.0,2014,3,29,5,1,13,1,0,0,523.0,567.0,535.0,587.0,459.42857142857144,432.57142857142856,450.03333333333336,105.37054797689969,101.73,101.73,100.46285714285715,0,0,0
2014-03-30,599.0,2014,3,30,6,1,13,1,0,0,647.0,603.0,726.0,346.0,470.85714285714283,440.57142857142856,452.03333333333336,122.00741585579662,101.73,101.73,100.71428571428571,0,0,0
2014-03-31,415.0,2014,3,31,0,1,14,0,0,1,599.0,371.0,285.0,714.0,470.2857142857143,431.5,460.46666666666664,121.29264100473914,101.57,101.73,100.96571428571428,0,0,0
